-- MySQL dump 10.13  Distrib 5.7.21, for Linux (x86_64)
--
-- Host: 127.0.0.1    Database: windykacja_DB
-- ------------------------------------------------------
-- Server version	5.7.21-0ubuntu0.16.04.1

/*!40101 SET @OLD_CHARACTER_SET_CLIENT=@@CHARACTER_SET_CLIENT */;
/*!40101 SET @OLD_CHARACTER_SET_RESULTS=@@CHARACTER_SET_RESULTS */;
/*!40101 SET @OLD_COLLATION_CONNECTION=@@COLLATION_CONNECTION */;
/*!40101 SET NAMES utf8 */;
/*!40103 SET @OLD_TIME_ZONE=@@TIME_ZONE */;
/*!40103 SET TIME_ZONE='+00:00' */;
/*!40014 SET @OLD_UNIQUE_CHECKS=@@UNIQUE_CHECKS, UNIQUE_CHECKS=0 */;
/*!40014 SET @OLD_FOREIGN_KEY_CHECKS=@@FOREIGN_KEY_CHECKS, FOREIGN_KEY_CHECKS=0 */;
/*!40101 SET @OLD_SQL_MODE=@@SQL_MODE, SQL_MODE='NO_AUTO_VALUE_ON_ZERO' */;
/*!40111 SET @OLD_SQL_NOTES=@@SQL_NOTES, SQL_NOTES=0 */;

--
-- Table structure for table `companies`
--

DROP TABLE IF EXISTS `companies`;
/*!40101 SET @saved_cs_client     = @@character_set_client */;
/*!40101 SET character_set_client = utf8 */;
CREATE TABLE `companies` (
  `id` int(11) NOT NULL AUTO_INCREMENT,
  `company_name` varchar(255) COLLATE utf8_unicode_ci NOT NULL,
  `name` varchar(255) COLLATE utf8_unicode_ci DEFAULT NULL,
  `surname` varchar(255) COLLATE utf8_unicode_ci DEFAULT NULL,
  `telephone` varchar(255) COLLATE utf8_unicode_ci DEFAULT NULL,
  `cellphone` varchar(255) COLLATE utf8_unicode_ci DEFAULT NULL,
  `email` varchar(255) COLLATE utf8_unicode_ci DEFAULT NULL,
  `contractor_number` int(11) NOT NULL,
  PRIMARY KEY (`id`)
) ENGINE=InnoDB AUTO_INCREMENT=3706 DEFAULT CHARSET=utf8 COLLATE=utf8_unicode_ci;
/*!40101 SET character_set_client = @saved_cs_client */;

--
-- Dumping data for table `companies`
--

LOCK TABLES `companies` WRITE;
/*!40000 ALTER TABLE `companies` DISABLE KEYS */;
INSERT INTO `companies` VALUES (3407,'Arek Inwestycjee',NULL,NULL,NULL,NULL,NULL,1),(3408,'Mariusz Windykacja',NULL,NULL,NULL,NULL,NULL,2),(3409,'Witek Akcesoria Sportowe',NULL,NULL,NULL,NULL,NULL,3),(3410,'KD developement',NULL,NULL,NULL,NULL,NULL,4),(3411,'Jarek Spedycja',NULL,NULL,NULL,NULL,NULL,5),(3412,'Żelazo Twarde',NULL,NULL,NULL,NULL,NULL,6),(3413,'Jeden Gryz',NULL,NULL,NULL,NULL,NULL,7),(3414,'Torby Kasi',NULL,NULL,NULL,NULL,NULL,8),(3415,'Marek Eksterminacja',NULL,NULL,NULL,NULL,NULL,9),(3416,'Marek Eksterminacja',NULL,NULL,NULL,NULL,NULL,10),(3417,'Marek Eksterminacja',NULL,NULL,NULL,NULL,NULL,11),(3418,'Marek Eksterminacja',NULL,NULL,NULL,NULL,NULL,12),(3419,'Marek Eksterminacja',NULL,NULL,NULL,NULL,NULL,13),(3420,'Marek Eksterminacja',NULL,NULL,NULL,NULL,NULL,14),(3421,'Marek Eksterminacja',NULL,NULL,NULL,NULL,NULL,15),(3422,'Marek Eksterminacja',NULL,NULL,NULL,NULL,NULL,16),(3423,'Marek Eksterminacja',NULL,NULL,NULL,NULL,NULL,17),(3424,'Marek Eksterminacja',NULL,NULL,NULL,NULL,NULL,18),(3425,'Marek Eksterminacja',NULL,NULL,NULL,NULL,NULL,19),(3426,'Marek Eksterminacja',NULL,NULL,NULL,NULL,NULL,20),(3427,'Marek Eksterminacja',NULL,NULL,NULL,NULL,NULL,21),(3428,'Marek Eksterminacja',NULL,NULL,NULL,NULL,NULL,22),(3429,'Marek Eksterminacja',NULL,NULL,NULL,NULL,NULL,23),(3430,'Marek Eksterminacja',NULL,NULL,NULL,NULL,NULL,24),(3431,'Marek Eksterminacja',NULL,NULL,NULL,NULL,NULL,25),(3432,'Marek Eksterminacja',NULL,NULL,NULL,NULL,NULL,26),(3433,'Marek Eksterminacja',NULL,NULL,NULL,NULL,NULL,27),(3434,'Marek Eksterminacja',NULL,NULL,NULL,NULL,NULL,28),(3435,'Marek Eksterminacja',NULL,NULL,NULL,NULL,NULL,29),(3436,'Marek Eksterminacja',NULL,NULL,NULL,NULL,NULL,30),(3437,'Marek Eksterminacja',NULL,NULL,NULL,NULL,NULL,31),(3438,'Marek Eksterminacja',NULL,NULL,NULL,NULL,NULL,32),(3439,'Marek Eksterminacja',NULL,NULL,NULL,NULL,NULL,33),(3440,'Marek Eksterminacja',NULL,NULL,NULL,NULL,NULL,34),(3441,'Marek Eksterminacja',NULL,NULL,NULL,NULL,NULL,35),(3442,'Marek Eksterminacja',NULL,NULL,NULL,NULL,NULL,36),(3443,'Marek Eksterminacja',NULL,NULL,NULL,NULL,NULL,37),(3444,'Marek Eksterminacja',NULL,NULL,NULL,NULL,NULL,38),(3445,'Marek Eksterminacja',NULL,NULL,NULL,NULL,NULL,39),(3446,'Marek Eksterminacja',NULL,NULL,NULL,NULL,NULL,40),(3447,'Marek Eksterminacja',NULL,NULL,NULL,NULL,NULL,41),(3448,'Marek Eksterminacja',NULL,NULL,NULL,NULL,NULL,42),(3449,'Marek Eksterminacja',NULL,NULL,NULL,NULL,NULL,43),(3450,'Marek Eksterminacja',NULL,NULL,NULL,NULL,NULL,44),(3451,'Marek Eksterminacja',NULL,NULL,NULL,NULL,NULL,45),(3452,'Marek Eksterminacja',NULL,NULL,NULL,NULL,NULL,46),(3453,'Marek Eksterminacja',NULL,NULL,NULL,NULL,NULL,47),(3454,'Marek Eksterminacja',NULL,NULL,NULL,NULL,NULL,48),(3455,'Marek Eksterminacja',NULL,NULL,NULL,NULL,NULL,49),(3456,'Marek Eksterminacja',NULL,NULL,NULL,NULL,NULL,50),(3457,'Marek Eksterminacja',NULL,NULL,NULL,NULL,NULL,51),(3458,'Marek Eksterminacja',NULL,NULL,NULL,NULL,NULL,52),(3459,'Marek Eksterminacja',NULL,NULL,NULL,NULL,NULL,53),(3460,'Marek Eksterminacja',NULL,NULL,NULL,NULL,NULL,54),(3461,'Marek Eksterminacja',NULL,NULL,NULL,NULL,NULL,55),(3462,'Marek Eksterminacja',NULL,NULL,NULL,NULL,NULL,56),(3463,'Marek Eksterminacja',NULL,NULL,NULL,NULL,NULL,57),(3464,'Marek Eksterminacja',NULL,NULL,NULL,NULL,NULL,58),(3465,'Marek Eksterminacja',NULL,NULL,NULL,NULL,NULL,59),(3466,'Marek Eksterminacja',NULL,NULL,NULL,NULL,NULL,60),(3467,'Marek Eksterminacja',NULL,NULL,NULL,NULL,NULL,61),(3468,'Marek Eksterminacja',NULL,NULL,NULL,NULL,NULL,62),(3469,'Marek Eksterminacja',NULL,NULL,NULL,NULL,NULL,63),(3470,'Marek Eksterminacja',NULL,NULL,NULL,NULL,NULL,64),(3471,'Marek Eksterminacja',NULL,NULL,NULL,NULL,NULL,65),(3472,'Marek Eksterminacja',NULL,NULL,NULL,NULL,NULL,66),(3473,'Marek Eksterminacja',NULL,NULL,NULL,NULL,NULL,67),(3474,'Marek Eksterminacja',NULL,NULL,NULL,NULL,NULL,68),(3475,'Marek Eksterminacja',NULL,NULL,NULL,NULL,NULL,69),(3476,'Marek Eksterminacja',NULL,NULL,NULL,NULL,NULL,70),(3477,'Marek Eksterminacja',NULL,NULL,NULL,NULL,NULL,71),(3478,'Marek Eksterminacja',NULL,NULL,NULL,NULL,NULL,72),(3479,'Marek Eksterminacja',NULL,NULL,NULL,NULL,NULL,73),(3480,'Marek Eksterminacja',NULL,NULL,NULL,NULL,NULL,74),(3481,'Marek Eksterminacja',NULL,NULL,NULL,NULL,NULL,75),(3482,'Marek Eksterminacja',NULL,NULL,NULL,NULL,NULL,76),(3483,'Marek Eksterminacja',NULL,NULL,NULL,NULL,NULL,77),(3484,'Marek Eksterminacja',NULL,NULL,NULL,NULL,NULL,78),(3485,'Marek Eksterminacja',NULL,NULL,NULL,NULL,NULL,79),(3486,'Marek Eksterminacja',NULL,NULL,NULL,NULL,NULL,80),(3487,'Marek Eksterminacja',NULL,NULL,NULL,NULL,NULL,81),(3488,'Marek Eksterminacja',NULL,NULL,NULL,NULL,NULL,82),(3489,'Marek Eksterminacja',NULL,NULL,NULL,NULL,NULL,83),(3490,'Marek Eksterminacja',NULL,NULL,NULL,NULL,NULL,84),(3491,'Marek Eksterminacja',NULL,NULL,NULL,NULL,NULL,85),(3492,'Marek Eksterminacja',NULL,NULL,NULL,NULL,NULL,86),(3493,'Marek Eksterminacja',NULL,NULL,NULL,NULL,NULL,87),(3494,'Marek Eksterminacja',NULL,NULL,NULL,NULL,NULL,88),(3495,'Marek Eksterminacja',NULL,NULL,NULL,NULL,NULL,89),(3496,'Marek Eksterminacja',NULL,NULL,NULL,NULL,NULL,90),(3497,'Marek Eksterminacja',NULL,NULL,NULL,NULL,NULL,91),(3498,'Marek Eksterminacja',NULL,NULL,NULL,NULL,NULL,92),(3499,'Marek Eksterminacja',NULL,NULL,NULL,NULL,NULL,93),(3500,'Marek Eksterminacja',NULL,NULL,NULL,NULL,NULL,94),(3501,'Marek Eksterminacja',NULL,NULL,NULL,NULL,NULL,95),(3502,'Marek Eksterminacja',NULL,NULL,NULL,NULL,NULL,96),(3503,'Marek Eksterminacja',NULL,NULL,NULL,NULL,NULL,97),(3504,'Marek Eksterminacja',NULL,NULL,NULL,NULL,NULL,98),(3505,'Marek Eksterminacja',NULL,NULL,NULL,NULL,NULL,99),(3506,'Marek Eksterminacja',NULL,NULL,NULL,NULL,NULL,100),(3507,'Marek Eksterminacja',NULL,NULL,NULL,NULL,NULL,101),(3508,'Marek Eksterminacja',NULL,NULL,NULL,NULL,NULL,102),(3509,'Marek Eksterminacja',NULL,NULL,NULL,NULL,NULL,103),(3510,'Marek Eksterminacja',NULL,NULL,NULL,NULL,NULL,104),(3511,'Marek Eksterminacja',NULL,NULL,NULL,NULL,NULL,105),(3512,'Marek Eksterminacja',NULL,NULL,NULL,NULL,NULL,106),(3513,'Marek Eksterminacja',NULL,NULL,NULL,NULL,NULL,107),(3514,'Marek Eksterminacja',NULL,NULL,NULL,NULL,NULL,108),(3515,'Marek Eksterminacja',NULL,NULL,NULL,NULL,NULL,109),(3516,'Marek Eksterminacja',NULL,NULL,NULL,NULL,NULL,110),(3517,'Marek Eksterminacja',NULL,NULL,NULL,NULL,NULL,111),(3518,'Marek Eksterminacja',NULL,NULL,NULL,NULL,NULL,112),(3519,'Marek Eksterminacja',NULL,NULL,NULL,NULL,NULL,113),(3520,'Marek Eksterminacja',NULL,NULL,NULL,NULL,NULL,114),(3521,'Marek Eksterminacja',NULL,NULL,NULL,NULL,NULL,115),(3522,'Marek Eksterminacja',NULL,NULL,NULL,NULL,NULL,116),(3523,'Marek Eksterminacja',NULL,NULL,NULL,NULL,NULL,117),(3524,'Marek Eksterminacja',NULL,NULL,NULL,NULL,NULL,118),(3525,'Marek Eksterminacja',NULL,NULL,NULL,NULL,NULL,119),(3526,'Marek Eksterminacja',NULL,NULL,NULL,NULL,NULL,120),(3527,'Marek Eksterminacja',NULL,NULL,NULL,NULL,NULL,121),(3528,'Marek Eksterminacja',NULL,NULL,NULL,NULL,NULL,122),(3529,'Marek Eksterminacja',NULL,NULL,NULL,NULL,NULL,123),(3530,'Marek Eksterminacja',NULL,NULL,NULL,NULL,NULL,124),(3531,'Marek Eksterminacja',NULL,NULL,NULL,NULL,NULL,125),(3532,'Marek Eksterminacja',NULL,NULL,NULL,NULL,NULL,126),(3533,'Marek Eksterminacja',NULL,NULL,NULL,NULL,NULL,127),(3534,'Marek Eksterminacja',NULL,NULL,NULL,NULL,NULL,128),(3535,'Marek Eksterminacja',NULL,NULL,NULL,NULL,NULL,129),(3536,'Marek Eksterminacja',NULL,NULL,NULL,NULL,NULL,130),(3537,'Marek Eksterminacja',NULL,NULL,NULL,NULL,NULL,131),(3538,'Marek Eksterminacja',NULL,NULL,NULL,NULL,NULL,132),(3539,'Marek Eksterminacja',NULL,NULL,NULL,NULL,NULL,133),(3540,'Marek Eksterminacja',NULL,NULL,NULL,NULL,NULL,134),(3541,'Marek Eksterminacja',NULL,NULL,NULL,NULL,NULL,135),(3542,'Marek Eksterminacja',NULL,NULL,NULL,NULL,NULL,136),(3543,'Marek Eksterminacja',NULL,NULL,NULL,NULL,NULL,137),(3544,'Marek Eksterminacja',NULL,NULL,NULL,NULL,NULL,138),(3545,'Marek Eksterminacja',NULL,NULL,NULL,NULL,NULL,139),(3546,'Marek Eksterminacja',NULL,NULL,NULL,NULL,NULL,140),(3547,'Marek Eksterminacja',NULL,NULL,NULL,NULL,NULL,141),(3548,'Marek Eksterminacja',NULL,NULL,NULL,NULL,NULL,142),(3549,'Marek Eksterminacja',NULL,NULL,NULL,NULL,NULL,143),(3550,'Marek Eksterminacja',NULL,NULL,NULL,NULL,NULL,144),(3551,'Marek Eksterminacja',NULL,NULL,NULL,NULL,NULL,145),(3552,'Marek Eksterminacja',NULL,NULL,NULL,NULL,NULL,146),(3553,'Marek Eksterminacja',NULL,NULL,NULL,NULL,NULL,147),(3554,'Marek Eksterminacja',NULL,NULL,NULL,NULL,NULL,148),(3555,'Marek Eksterminacja',NULL,NULL,NULL,NULL,NULL,149),(3556,'Marek Eksterminacja',NULL,NULL,NULL,NULL,NULL,150),(3557,'Marek Eksterminacja',NULL,NULL,NULL,NULL,NULL,151),(3558,'Marek Eksterminacja',NULL,NULL,NULL,NULL,NULL,152),(3559,'Marek Eksterminacja',NULL,NULL,NULL,NULL,NULL,153),(3560,'Marek Eksterminacja',NULL,NULL,NULL,NULL,NULL,154),(3561,'Marek Eksterminacja',NULL,NULL,NULL,NULL,NULL,155),(3562,'Marek Eksterminacja',NULL,NULL,NULL,NULL,NULL,156),(3563,'Marek Eksterminacja',NULL,NULL,NULL,NULL,NULL,157),(3564,'Marek Eksterminacja',NULL,NULL,NULL,NULL,NULL,158),(3565,'Marek Eksterminacja',NULL,NULL,NULL,NULL,NULL,159),(3566,'Marek Eksterminacja',NULL,NULL,NULL,NULL,NULL,160),(3567,'Marek Eksterminacja',NULL,NULL,NULL,NULL,NULL,161),(3568,'Marek Eksterminacja',NULL,NULL,NULL,NULL,NULL,162),(3569,'Marek Eksterminacja',NULL,NULL,NULL,NULL,NULL,163),(3570,'Marek Eksterminacja',NULL,NULL,NULL,NULL,NULL,164),(3571,'Marek Eksterminacja',NULL,NULL,NULL,NULL,NULL,165),(3572,'Marek Eksterminacja',NULL,NULL,NULL,NULL,NULL,166),(3573,'Marek Eksterminacja',NULL,NULL,NULL,NULL,NULL,167),(3574,'Marek Eksterminacja',NULL,NULL,NULL,NULL,NULL,168),(3575,'Marek Eksterminacja',NULL,NULL,NULL,NULL,NULL,169),(3576,'Marek Eksterminacja',NULL,NULL,NULL,NULL,NULL,170),(3577,'Marek Eksterminacja',NULL,NULL,NULL,NULL,NULL,171),(3578,'Marek Eksterminacja',NULL,NULL,NULL,NULL,NULL,172),(3579,'Marek Eksterminacja',NULL,NULL,NULL,NULL,NULL,173),(3580,'Marek Eksterminacja',NULL,NULL,NULL,NULL,NULL,174),(3581,'Marek Eksterminacja',NULL,NULL,NULL,NULL,NULL,175),(3582,'Marek Eksterminacja',NULL,NULL,NULL,NULL,NULL,176),(3583,'Marek Eksterminacja',NULL,NULL,NULL,NULL,NULL,177),(3584,'Marek Eksterminacja',NULL,NULL,NULL,NULL,NULL,178),(3585,'Marek Eksterminacja',NULL,NULL,NULL,NULL,NULL,179),(3586,'Marek Eksterminacja',NULL,NULL,NULL,NULL,NULL,180),(3587,'Marek Eksterminacja',NULL,NULL,NULL,NULL,NULL,181),(3588,'Marek Eksterminacja',NULL,NULL,NULL,NULL,NULL,182),(3589,'Marek Eksterminacja',NULL,NULL,NULL,NULL,NULL,183),(3590,'Marek Eksterminacja',NULL,NULL,NULL,NULL,NULL,184),(3591,'Marek Eksterminacja',NULL,NULL,NULL,NULL,NULL,185),(3592,'Marek Eksterminacja',NULL,NULL,NULL,NULL,NULL,186),(3593,'Marek Eksterminacja',NULL,NULL,NULL,NULL,NULL,187),(3594,'Marek Eksterminacja',NULL,NULL,NULL,NULL,NULL,188),(3595,'Marek Eksterminacja',NULL,NULL,NULL,NULL,NULL,189),(3596,'Marek Eksterminacja',NULL,NULL,NULL,NULL,NULL,190),(3597,'Marek Eksterminacja',NULL,NULL,NULL,NULL,NULL,191),(3598,'Marek Eksterminacja',NULL,NULL,NULL,NULL,NULL,192),(3599,'Marek Eksterminacja',NULL,NULL,NULL,NULL,NULL,193),(3600,'Marek Eksterminacja',NULL,NULL,NULL,NULL,NULL,194),(3601,'Marek Eksterminacja',NULL,NULL,NULL,NULL,NULL,195),(3602,'Marek Eksterminacja',NULL,NULL,NULL,NULL,NULL,196),(3603,'Marek Eksterminacja',NULL,NULL,NULL,NULL,NULL,197),(3604,'Marek Eksterminacja',NULL,NULL,NULL,NULL,NULL,198),(3605,'Marek Eksterminacja',NULL,NULL,NULL,NULL,NULL,199),(3606,'Marek Eksterminacja',NULL,NULL,NULL,NULL,NULL,200),(3607,'Marek Eksterminacja',NULL,NULL,NULL,NULL,NULL,201),(3608,'Marek Eksterminacja',NULL,NULL,NULL,NULL,NULL,202),(3609,'Marek Eksterminacja',NULL,NULL,NULL,NULL,NULL,203),(3610,'Marek Eksterminacja',NULL,NULL,NULL,NULL,NULL,204),(3611,'Marek Eksterminacja',NULL,NULL,NULL,NULL,NULL,205),(3612,'Marek Eksterminacja',NULL,NULL,NULL,NULL,NULL,206),(3613,'Marek Eksterminacja',NULL,NULL,NULL,NULL,NULL,207),(3614,'Marek Eksterminacja',NULL,NULL,NULL,NULL,NULL,208),(3615,'Marek Eksterminacja',NULL,NULL,NULL,NULL,NULL,209),(3616,'Marek Eksterminacja',NULL,NULL,NULL,NULL,NULL,210),(3617,'Marek Eksterminacja',NULL,NULL,NULL,NULL,NULL,211),(3618,'Marek Eksterminacja',NULL,NULL,NULL,NULL,NULL,212),(3619,'Marek Eksterminacja',NULL,NULL,NULL,NULL,NULL,213),(3620,'Marek Eksterminacja',NULL,NULL,NULL,NULL,NULL,214),(3621,'Marek Eksterminacja',NULL,NULL,NULL,NULL,NULL,215),(3622,'Marek Eksterminacja',NULL,NULL,NULL,NULL,NULL,216),(3623,'Marek Eksterminacja',NULL,NULL,NULL,NULL,NULL,217),(3624,'Marek Eksterminacja',NULL,NULL,NULL,NULL,NULL,218),(3625,'Marek Eksterminacja',NULL,NULL,NULL,NULL,NULL,219),(3626,'Marek Eksterminacja',NULL,NULL,NULL,NULL,NULL,220),(3627,'Marek Eksterminacja',NULL,NULL,NULL,NULL,NULL,221),(3628,'Marek Eksterminacja',NULL,NULL,NULL,NULL,NULL,222),(3629,'Marek Eksterminacja',NULL,NULL,NULL,NULL,NULL,223),(3630,'Marek Eksterminacja',NULL,NULL,NULL,NULL,NULL,224),(3631,'Marek Eksterminacja',NULL,NULL,NULL,NULL,NULL,225),(3632,'Marek Eksterminacja',NULL,NULL,NULL,NULL,NULL,226),(3633,'Marek Eksterminacja',NULL,NULL,NULL,NULL,NULL,227),(3634,'Marek Eksterminacja',NULL,NULL,NULL,NULL,NULL,228),(3635,'Marek Eksterminacja',NULL,NULL,NULL,NULL,NULL,229),(3636,'Marek Eksterminacja',NULL,NULL,NULL,NULL,NULL,230),(3637,'Marek Eksterminacja',NULL,NULL,NULL,NULL,NULL,231),(3638,'Marek Eksterminacja',NULL,NULL,NULL,NULL,NULL,232),(3639,'Marek Eksterminacja',NULL,NULL,NULL,NULL,NULL,233),(3640,'Marek Eksterminacja',NULL,NULL,NULL,NULL,NULL,234),(3641,'Marek Eksterminacja',NULL,NULL,NULL,NULL,NULL,235),(3642,'Marek Eksterminacja',NULL,NULL,NULL,NULL,NULL,236),(3643,'Marek Eksterminacja',NULL,NULL,NULL,NULL,NULL,237),(3644,'Marek Eksterminacja',NULL,NULL,NULL,NULL,NULL,238),(3645,'Marek Eksterminacja',NULL,NULL,NULL,NULL,NULL,239),(3646,'Marek Eksterminacja',NULL,NULL,NULL,NULL,NULL,240),(3647,'Marek Eksterminacja',NULL,NULL,NULL,NULL,NULL,241),(3648,'Marek Eksterminacja',NULL,NULL,NULL,NULL,NULL,242),(3649,'Marek Eksterminacja',NULL,NULL,NULL,NULL,NULL,243),(3650,'Marek Eksterminacja',NULL,NULL,NULL,NULL,NULL,244),(3651,'Marek Eksterminacja',NULL,NULL,NULL,NULL,NULL,245),(3652,'Marek Eksterminacja',NULL,NULL,NULL,NULL,NULL,246),(3653,'Marek Eksterminacja',NULL,NULL,NULL,NULL,NULL,247),(3654,'Marek Eksterminacja',NULL,NULL,NULL,NULL,NULL,248),(3655,'Marek Eksterminacja',NULL,NULL,NULL,NULL,NULL,249),(3656,'Marek Eksterminacja',NULL,NULL,NULL,NULL,NULL,250),(3657,'Marek Eksterminacja',NULL,NULL,NULL,NULL,NULL,251),(3658,'Marek Eksterminacja',NULL,NULL,NULL,NULL,NULL,252),(3659,'Marek Eksterminacja',NULL,NULL,NULL,NULL,NULL,253),(3660,'Marek Eksterminacja',NULL,NULL,NULL,NULL,NULL,254),(3661,'Marek Eksterminacja',NULL,NULL,NULL,NULL,NULL,255),(3662,'Marek Eksterminacja',NULL,NULL,NULL,NULL,NULL,256),(3663,'Marek Eksterminacja',NULL,NULL,NULL,NULL,NULL,257),(3664,'Marek Eksterminacja',NULL,NULL,NULL,NULL,NULL,258),(3665,'Marek Eksterminacja',NULL,NULL,NULL,NULL,NULL,259),(3666,'Marek Eksterminacja',NULL,NULL,NULL,NULL,NULL,260),(3667,'Marek Eksterminacja',NULL,NULL,NULL,NULL,NULL,261),(3668,'Marek Eksterminacja',NULL,NULL,NULL,NULL,NULL,262),(3669,'Marek Eksterminacja',NULL,NULL,NULL,NULL,NULL,263),(3670,'Marek Eksterminacja',NULL,NULL,NULL,NULL,NULL,264),(3671,'Marek Eksterminacja',NULL,NULL,NULL,NULL,NULL,265),(3672,'Marek Eksterminacja',NULL,NULL,NULL,NULL,NULL,266),(3673,'Marek Eksterminacja',NULL,NULL,NULL,NULL,NULL,267),(3674,'Marek Eksterminacja',NULL,NULL,NULL,NULL,NULL,268),(3675,'Marek Eksterminacja',NULL,NULL,NULL,NULL,NULL,269),(3676,'Marek Eksterminacja',NULL,NULL,NULL,NULL,NULL,270),(3677,'Marek Eksterminacja',NULL,NULL,NULL,NULL,NULL,271),(3678,'Marek Eksterminacja',NULL,NULL,NULL,NULL,NULL,272),(3679,'Marek Eksterminacja',NULL,NULL,NULL,NULL,NULL,273),(3680,'Marek Eksterminacja',NULL,NULL,NULL,NULL,NULL,274),(3681,'Marek Eksterminacja',NULL,NULL,NULL,NULL,NULL,275),(3682,'Marek Eksterminacja',NULL,NULL,NULL,NULL,NULL,276),(3683,'Marek Eksterminacja',NULL,NULL,NULL,NULL,NULL,277),(3684,'Marek Eksterminacja',NULL,NULL,NULL,NULL,NULL,278),(3685,'Marek Eksterminacja',NULL,NULL,NULL,NULL,NULL,279),(3686,'Marek Eksterminacja',NULL,NULL,NULL,NULL,NULL,280),(3687,'Marek Eksterminacja',NULL,NULL,NULL,NULL,NULL,281),(3688,'Marek Eksterminacja',NULL,NULL,NULL,NULL,NULL,282),(3689,'Marek Eksterminacja',NULL,NULL,NULL,NULL,NULL,283),(3690,'Marek Eksterminacja',NULL,NULL,NULL,NULL,NULL,284),(3691,'Marek Eksterminacja',NULL,NULL,NULL,NULL,NULL,285),(3692,'Marek Eksterminacja',NULL,NULL,NULL,NULL,NULL,286),(3693,'Marek Eksterminacja',NULL,NULL,NULL,NULL,NULL,287),(3694,'Marek Eksterminacja',NULL,NULL,NULL,NULL,NULL,288),(3695,'Marek Eksterminacja',NULL,NULL,NULL,NULL,NULL,289),(3696,'Marek Eksterminacja',NULL,NULL,NULL,NULL,NULL,290),(3697,'Marek Eksterminacja',NULL,NULL,NULL,NULL,NULL,291),(3698,'Marek Eksterminacja',NULL,NULL,NULL,NULL,NULL,292),(3699,'Marek Eksterminacja',NULL,NULL,NULL,NULL,NULL,293),(3700,'Marek Eksterminacja',NULL,NULL,NULL,NULL,NULL,294),(3701,'Marek Eksterminacja',NULL,NULL,NULL,NULL,NULL,295),(3702,'Marek Eksterminacja',NULL,NULL,NULL,NULL,NULL,296),(3703,'Marek Eksterminacja',NULL,NULL,NULL,NULL,NULL,297),(3704,'Marek Eksterminacja',NULL,NULL,NULL,NULL,NULL,298),(3705,'Marek Eksterminacja',NULL,NULL,NULL,NULL,NULL,299);
/*!40000 ALTER TABLE `companies` ENABLE KEYS */;
UNLOCK TABLES;

--
-- Table structure for table `invocies_import`
--

DROP TABLE IF EXISTS `invocies_import`;
/*!40101 SET @saved_cs_client     = @@character_set_client */;
/*!40101 SET character_set_client = utf8 */;
CREATE TABLE `invocies_import` (
  `id` int(11) NOT NULL AUTO_INCREMENT,
  `import_time` datetime NOT NULL,
  `aging` varchar(255) COLLATE utf8_unicode_ci NOT NULL,
  PRIMARY KEY (`id`)
) ENGINE=InnoDB AUTO_INCREMENT=20 DEFAULT CHARSET=utf8 COLLATE=utf8_unicode_ci;
/*!40101 SET character_set_client = @saved_cs_client */;

--
-- Dumping data for table `invocies_import`
--

LOCK TABLES `invocies_import` WRITE;
/*!40000 ALTER TABLE `invocies_import` DISABLE KEYS */;
INSERT INTO `invocies_import` VALUES (18,'2018-01-27 23:08:32','38774030e29696efec028329e0495dfb.xls'),(19,'2018-01-27 23:59:42','bdb5d5cc16f9707bfb0661f7be60fc8d.xls');
/*!40000 ALTER TABLE `invocies_import` ENABLE KEYS */;
UNLOCK TABLES;

--
-- Table structure for table `invoices`
--

DROP TABLE IF EXISTS `invoices`;
/*!40101 SET @saved_cs_client     = @@character_set_client */;
/*!40101 SET character_set_client = utf8 */;
CREATE TABLE `invoices` (
  `id` int(11) NOT NULL AUTO_INCREMENT,
  `evidence_number` varchar(255) COLLATE utf8_unicode_ci NOT NULL,
  `invoice_number` varchar(255) COLLATE utf8_unicode_ci NOT NULL,
  `due_date` date NOT NULL,
  `amount` double NOT NULL,
  `state` smallint(6) NOT NULL DEFAULT '0',
  `notes` longtext COLLATE utf8_unicode_ci,
  `due_interval` smallint(6) NOT NULL DEFAULT '0',
  `contractor_id` int(11) DEFAULT NULL,
  PRIMARY KEY (`id`),
  KEY `IDX_6A2F2F95B0265DC7` (`contractor_id`),
  CONSTRAINT `FK_6A2F2F95B0265DC7` FOREIGN KEY (`contractor_id`) REFERENCES `companies` (`id`)
) ENGINE=InnoDB AUTO_INCREMENT=3619 DEFAULT CHARSET=utf8 COLLATE=utf8_unicode_ci;
/*!40101 SET character_set_client = @saved_cs_client */;

--
-- Dumping data for table `invoices`
--

LOCK TABLES `invoices` WRITE;
/*!40000 ALTER TABLE `invoices` DISABLE KEYS */;
INSERT INTO `invoices` VALUES (3319,'FVSU 1982','0999/10/2017','2016-06-11',1324.23,1,'asd',596,3407),(3320,'FVSU 1983','0089/11/2016','2017-05-10',2345.39,0,NULL,263,3408),(3321,'FVSU 1984','0001/01/2017','2016-01-04',4352.12,0,NULL,754,3409),(3322,'FVSU 1985','0012/12/2017','2017-02-10',12345.22,0,NULL,351,3410),(3323,'FVSU 1986','0013/03/2017','2017-03-11',1398.45,0,NULL,322,3411),(3324,'FVSU 1987','0100/11/2017','2017-04-12',987.23,0,NULL,291,3412),(3325,'FVSU 1988','0101/01/2017','2017-08-13',675.23,0,NULL,168,3413),(3326,'FVSU 1989','0200/02/2017','2016-09-14',78675.23,0,NULL,501,3414),(3327,'FVSU 1990','0300/12/2016','2017-02-02',2345.12,0,NULL,359,3415),(3328,'FVSU 2000','0301/12/2016','2017-02-03',2879.12,0,NULL,358,3416),(3329,'FVSU 2001','0301/12/2017','2017-02-04',2879.13,0,NULL,357,3417),(3330,'FVSU 2002','0301/12/2018','2017-02-05',2879.14,0,NULL,356,3418),(3331,'FVSU 2003','0301/12/2019','2017-02-06',2879.15,0,NULL,355,3419),(3332,'FVSU 2004','0301/12/2020','2017-02-07',2879.16,0,NULL,354,3420),(3333,'FVSU 2005','0301/12/2021','2017-02-08',2879.17,0,NULL,353,3421),(3334,'FVSU 2006','0301/12/2022','2017-02-09',2879.18,0,NULL,352,3422),(3335,'FVSU 2007','0301/12/2023','2017-02-10',2879.19,0,NULL,351,3423),(3336,'FVSU 2008','0301/12/2024','2017-02-11',2879.2,0,NULL,350,3424),(3337,'FVSU 2009','0301/12/2025','2017-02-12',2879.21,0,NULL,349,3425),(3338,'FVSU 2010','0301/12/2026','2017-02-13',2879.22,0,NULL,348,3426),(3339,'FVSU 2011','0301/12/2027','2017-02-14',2879.23,0,NULL,347,3427),(3340,'FVSU 2012','0301/12/2028','2017-02-15',2879.24,0,NULL,346,3428),(3341,'FVSU 2013','0301/12/2029','2017-02-16',2879.25,0,NULL,345,3429),(3342,'FVSU 2014','0301/12/2030','2017-02-17',2879.26,0,NULL,344,3430),(3343,'FVSU 2015','0301/12/2031','2017-02-18',2879.27,0,NULL,343,3431),(3344,'FVSU 2016','0301/12/2032','2017-02-19',2879.28,0,NULL,342,3432),(3345,'FVSU 2017','0301/12/2033','2017-02-20',2879.29,0,NULL,341,3433),(3346,'FVSU 2018','0301/12/2034','2017-02-21',2879.3,0,NULL,340,3434),(3347,'FVSU 2019','0301/12/2035','2017-02-22',2879.31,0,NULL,339,3435),(3348,'FVSU 2020','0301/12/2036','2017-02-23',2879.32,0,NULL,338,3436),(3349,'FVSU 2021','0301/12/2037','2017-02-24',2879.33,0,NULL,337,3437),(3350,'FVSU 2022','0301/12/2038','2017-02-25',2879.34,0,NULL,336,3438),(3351,'FVSU 2023','0301/12/2039','2017-02-26',2879.35,0,NULL,335,3439),(3352,'FVSU 2024','0301/12/2040','2017-02-27',2879.36,0,NULL,334,3440),(3353,'FVSU 2025','0301/12/2041','2017-02-28',2879.37,0,NULL,333,3441),(3354,'FVSU 2026','0301/12/2042','2017-03-01',2879.38,0,NULL,332,3442),(3355,'FVSU 2027','0301/12/2043','2017-03-02',2879.39,0,NULL,331,3443),(3356,'FVSU 2028','0301/12/2044','2017-03-03',2879.4,0,NULL,330,3444),(3357,'FVSU 2029','0301/12/2045','2017-03-04',2879.41,0,NULL,329,3445),(3358,'FVSU 2030','0301/12/2046','2017-03-05',2879.42,0,NULL,328,3446),(3359,'FVSU 2031','0301/12/2047','2017-03-06',2879.43,0,NULL,327,3447),(3360,'FVSU 2032','0301/12/2048','2017-03-07',2879.44,0,NULL,326,3448),(3361,'FVSU 2033','0301/12/2049','2017-03-08',2879.45,0,NULL,325,3449),(3362,'FVSU 2034','0301/12/2050','2017-03-09',2879.46,0,NULL,324,3450),(3363,'FVSU 2035','0301/12/2051','2017-03-10',2879.47,0,NULL,323,3451),(3364,'FVSU 2036','0301/12/2052','2017-03-11',2879.48,0,NULL,322,3452),(3365,'FVSU 2037','0301/12/2053','2017-03-12',2879.49,0,NULL,321,3453),(3366,'FVSU 2038','0301/12/2054','2017-03-13',2879.5,0,NULL,320,3454),(3367,'FVSU 2039','0301/12/2055','2017-03-14',2879.51,0,NULL,319,3455),(3368,'FVSU 2040','0301/12/2056','2017-03-15',2879.52,0,NULL,318,3456),(3369,'FVSU 2041','0301/12/2057','2017-03-16',2879.53,0,NULL,317,3457),(3370,'FVSU 2042','0301/12/2058','2017-03-17',2879.54,0,NULL,316,3458),(3371,'FVSU 2043','0301/12/2059','2017-03-18',2879.55,0,NULL,315,3459),(3372,'FVSU 2044','0301/12/2060','2017-03-19',2879.56,0,NULL,314,3460),(3373,'FVSU 2045','0301/12/2061','2017-03-20',2879.57,0,NULL,313,3461),(3374,'FVSU 2046','0301/12/2062','2017-03-21',2879.58,0,NULL,312,3462),(3375,'FVSU 2047','0301/12/2063','2017-03-22',2879.59,0,NULL,311,3463),(3376,'FVSU 2048','0301/12/2064','2017-03-23',2879.6,0,NULL,310,3464),(3377,'FVSU 2049','0301/12/2065','2017-03-24',2879.61,0,NULL,309,3465),(3378,'FVSU 2050','0301/12/2066','2017-03-25',2879.62,0,NULL,308,3466),(3379,'FVSU 2051','0301/12/2067','2017-03-26',2879.63,0,NULL,307,3467),(3380,'FVSU 2052','0301/12/2068','2017-03-27',2879.64,0,NULL,307,3468),(3381,'FVSU 2053','0301/12/2069','2017-03-28',2879.65,0,NULL,306,3469),(3382,'FVSU 2054','0301/12/2070','2017-03-29',2879.66,0,NULL,305,3470),(3383,'FVSU 2055','0301/12/2071','2017-03-30',2879.67,0,NULL,304,3471),(3384,'FVSU 2056','0301/12/2072','2017-03-31',2879.68,0,NULL,303,3472),(3385,'FVSU 2057','0301/12/2073','2017-04-01',2879.69,0,NULL,302,3473),(3386,'FVSU 2058','0301/12/2074','2017-04-02',2879.7,0,NULL,301,3474),(3387,'FVSU 2059','0301/12/2075','2017-04-03',2879.71,0,NULL,300,3475),(3388,'FVSU 2060','0301/12/2076','2017-04-04',2879.72,0,NULL,299,3476),(3389,'FVSU 2061','0301/12/2077','2017-04-05',2879.73,0,NULL,298,3477),(3390,'FVSU 2062','0301/12/2078','2017-04-06',2879.74,0,NULL,297,3478),(3391,'FVSU 2063','0301/12/2079','2017-04-07',2879.75,0,NULL,296,3479),(3392,'FVSU 2064','0301/12/2080','2017-04-08',2879.76,0,NULL,295,3480),(3393,'FVSU 2065','0301/12/2081','2017-04-09',2879.77,0,NULL,294,3481),(3394,'FVSU 2066','0301/12/2082','2017-04-10',2879.78,0,NULL,293,3482),(3395,'FVSU 2067','0301/12/2083','2017-04-11',2879.79,0,NULL,292,3483),(3396,'FVSU 2068','0301/12/2084','2017-04-12',2879.8,0,NULL,291,3484),(3397,'FVSU 2069','0301/12/2085','2017-04-13',2879.81,0,NULL,290,3485),(3398,'FVSU 2070','0301/12/2086','2017-04-14',2879.82,0,NULL,289,3486),(3399,'FVSU 2071','0301/12/2087','2017-04-15',2879.83,0,NULL,288,3487),(3400,'FVSU 2072','0301/12/2088','2017-04-16',2879.84,0,NULL,287,3488),(3401,'FVSU 2073','0301/12/2089','2017-04-17',2879.85,0,NULL,286,3489),(3402,'FVSU 2074','0301/12/2090','2017-04-18',2879.86,0,NULL,285,3490),(3403,'FVSU 2075','0301/12/2091','2017-04-19',2879.87,0,NULL,284,3491),(3404,'FVSU 2076','0301/12/2092','2017-04-20',2879.88,0,NULL,283,3492),(3405,'FVSU 2077','0301/12/2093','2017-04-21',2879.89,0,NULL,282,3493),(3406,'FVSU 2078','0301/12/2094','2017-04-22',2879.9,0,NULL,281,3494),(3407,'FVSU 2079','0301/12/2095','2017-04-23',2879.91,0,NULL,280,3495),(3408,'FVSU 2080','0301/12/2096','2017-04-24',2879.92,0,NULL,279,3496),(3409,'FVSU 2081','0301/12/2097','2017-04-25',2879.93,0,NULL,278,3497),(3410,'FVSU 2082','0301/12/2098','2017-04-26',2879.94,0,NULL,277,3498),(3411,'FVSU 2083','0301/12/2099','2017-04-27',2879.95,0,NULL,276,3499),(3412,'FVSU 2084','0301/12/2100','2017-04-28',2879.96,0,NULL,275,3500),(3413,'FVSU 2085','0301/12/2101','2017-04-29',2879.97,0,NULL,274,3501),(3414,'FVSU 2086','0301/12/2102','2017-04-30',2879.98,0,NULL,273,3502),(3415,'FVSU 2087','0301/12/2103','2017-05-01',2879.99,0,NULL,272,3503),(3416,'FVSU 2088','0301/12/2104','2017-05-02',2879.1,0,NULL,271,3504),(3417,'FVSU 2089','0301/12/2105','2017-05-03',2879.101,0,NULL,270,3505),(3418,'FVSU 2090','0301/12/2106','2017-05-04',2879.102,0,NULL,269,3506),(3419,'FVSU 2091','0301/12/2107','2017-05-05',2879.103,0,NULL,268,3507),(3420,'FVSU 2092','0301/12/2108','2017-05-06',2879.104,0,NULL,267,3508),(3421,'FVSU 2093','0301/12/2109','2017-05-07',2879.105,0,NULL,266,3509),(3422,'FVSU 2094','0301/12/2110','2017-05-08',2879.106,0,NULL,265,3510),(3423,'FVSU 2095','0301/12/2111','2017-05-09',2879.107,0,NULL,264,3511),(3424,'FVSU 2096','0301/12/2112','2017-05-10',2879.108,0,NULL,263,3512),(3425,'FVSU 2097','0301/12/2113','2017-05-11',2879.109,0,NULL,262,3513),(3426,'FVSU 2098','0301/12/2114','2017-05-12',2879.11,0,NULL,261,3514),(3427,'FVSU 2099','0301/12/2115','2017-05-13',2879.111,0,NULL,260,3515),(3428,'FVSU 2100','0301/12/2116','2017-05-14',2879.112,0,NULL,259,3516),(3429,'FVSU 2101','0301/12/2117','2017-05-15',2879.113,0,NULL,258,3517),(3430,'FVSU 2102','0301/12/2118','2017-05-16',2879.114,0,NULL,257,3518),(3431,'FVSU 2103','0301/12/2119','2017-05-17',2879.115,0,NULL,256,3519),(3432,'FVSU 2104','0301/12/2120','2017-05-18',2879.116,0,NULL,255,3520),(3433,'FVSU 2105','0301/12/2121','2017-05-19',2879.117,0,NULL,254,3521),(3434,'FVSU 2106','0301/12/2122','2017-05-20',2879.118,0,NULL,253,3522),(3435,'FVSU 2107','0301/12/2123','2017-05-21',2879.119,0,NULL,252,3523),(3436,'FVSU 2108','0301/12/2124','2017-05-22',2879.12,0,NULL,251,3524),(3437,'FVSU 2109','0301/12/2125','2017-05-23',2879.121,0,NULL,250,3525),(3438,'FVSU 2110','0301/12/2126','2017-05-24',2879.122,0,NULL,249,3526),(3439,'FVSU 2111','0301/12/2127','2017-05-25',2879.123,0,NULL,248,3527),(3440,'FVSU 2112','0301/12/2128','2017-05-26',2879.124,0,NULL,247,3528),(3441,'FVSU 2113','0301/12/2129','2017-05-27',2879.125,0,NULL,246,3529),(3442,'FVSU 2114','0301/12/2130','2017-05-28',2879.126,0,NULL,245,3530),(3443,'FVSU 2115','0301/12/2131','2017-05-29',2879.127,0,NULL,244,3531),(3444,'FVSU 2116','0301/12/2132','2017-05-30',2879.128,0,NULL,243,3532),(3445,'FVSU 2117','0301/12/2133','2017-05-31',2879.129,0,NULL,242,3533),(3446,'FVSU 2118','0301/12/2134','2017-06-01',2879.13,0,NULL,241,3534),(3447,'FVSU 2119','0301/12/2135','2017-06-02',2879.131,0,NULL,240,3535),(3448,'FVSU 2120','0301/12/2136','2017-06-03',2879.132,0,NULL,239,3536),(3449,'FVSU 2121','0301/12/2137','2017-06-04',2879.133,0,NULL,238,3537),(3450,'FVSU 2122','0301/12/2138','2017-06-05',2879.134,0,NULL,237,3538),(3451,'FVSU 2123','0301/12/2139','2017-06-06',2879.135,0,NULL,236,3539),(3452,'FVSU 2124','0301/12/2140','2017-06-07',2879.136,0,NULL,235,3540),(3453,'FVSU 2125','0301/12/2141','2017-06-08',2879.137,0,NULL,234,3541),(3454,'FVSU 2126','0301/12/2142','2017-06-09',2879.138,0,NULL,233,3542),(3455,'FVSU 2127','0301/12/2143','2017-06-10',2879.139,0,NULL,232,3543),(3456,'FVSU 2128','0301/12/2144','2017-06-11',2879.14,0,NULL,231,3544),(3457,'FVSU 2129','0301/12/2145','2017-06-12',2879.141,0,NULL,230,3545),(3458,'FVSU 2130','0301/12/2146','2017-06-13',2879.142,0,NULL,229,3546),(3459,'FVSU 2131','0301/12/2147','2017-06-14',2879.143,0,NULL,228,3547),(3460,'FVSU 2132','0301/12/2148','2017-06-15',2879.144,0,NULL,227,3548),(3461,'FVSU 2133','0301/12/2149','2017-06-16',2879.145,0,NULL,226,3549),(3462,'FVSU 2134','0301/12/2150','2017-06-17',2879.146,0,NULL,225,3550),(3463,'FVSU 2135','0301/12/2151','2017-06-18',2879.147,0,NULL,224,3551),(3464,'FVSU 2136','0301/12/2152','2017-06-19',2879.148,0,NULL,223,3552),(3465,'FVSU 2137','0301/12/2153','2017-06-20',2879.149,0,NULL,222,3553),(3466,'FVSU 2138','0301/12/2154','2017-06-21',2879.15,0,NULL,221,3554),(3467,'FVSU 2139','0301/12/2155','2017-06-22',2879.151,0,NULL,220,3555),(3468,'FVSU 2140','0301/12/2156','2017-06-23',2879.152,0,NULL,219,3556),(3469,'FVSU 2141','0301/12/2157','2017-06-24',2879.153,0,NULL,218,3557),(3470,'FVSU 2142','0301/12/2158','2017-06-25',2879.154,0,NULL,217,3558),(3471,'FVSU 2143','0301/12/2159','2017-06-26',2879.155,0,NULL,216,3559),(3472,'FVSU 2144','0301/12/2160','2017-06-27',2879.156,0,NULL,215,3560),(3473,'FVSU 2145','0301/12/2161','2017-06-28',2879.157,0,NULL,214,3561),(3474,'FVSU 2146','0301/12/2162','2017-06-29',2879.158,0,NULL,213,3562),(3475,'FVSU 2147','0301/12/2163','2017-06-30',2879.159,0,NULL,212,3563),(3476,'FVSU 2148','0301/12/2164','2017-07-01',2879.16,0,NULL,211,3564),(3477,'FVSU 2149','0301/12/2165','2017-07-02',2879.161,0,NULL,210,3565),(3478,'FVSU 2150','0301/12/2166','2017-07-03',2879.162,0,NULL,209,3566),(3479,'FVSU 2151','0301/12/2167','2017-07-04',2879.163,0,NULL,208,3567),(3480,'FVSU 2152','0301/12/2168','2017-07-05',2879.164,0,NULL,207,3568),(3481,'FVSU 2153','0301/12/2169','2017-07-06',2879.165,0,NULL,206,3569),(3482,'FVSU 2154','0301/12/2170','2017-07-07',2879.166,0,NULL,205,3570),(3483,'FVSU 2155','0301/12/2171','2017-07-08',2879.167,0,NULL,204,3571),(3484,'FVSU 2156','0301/12/2172','2017-07-09',2879.168,0,NULL,203,3572),(3485,'FVSU 2157','0301/12/2173','2017-07-10',2879.169,0,NULL,202,3573),(3486,'FVSU 2158','0301/12/2174','2017-07-11',2879.17,0,NULL,201,3574),(3487,'FVSU 2159','0301/12/2175','2017-07-12',2879.171,0,NULL,200,3575),(3488,'FVSU 2160','0301/12/2176','2017-07-13',2879.172,0,NULL,199,3576),(3489,'FVSU 2161','0301/12/2177','2017-07-14',2879.173,0,NULL,198,3577),(3490,'FVSU 2162','0301/12/2178','2017-07-15',2879.174,0,NULL,197,3578),(3491,'FVSU 2163','0301/12/2179','2017-07-16',2879.175,0,NULL,196,3579),(3492,'FVSU 2164','0301/12/2180','2017-07-17',2879.176,0,NULL,195,3580),(3493,'FVSU 2165','0301/12/2181','2017-07-18',2879.177,0,NULL,194,3581),(3494,'FVSU 2166','0301/12/2182','2017-07-19',2879.178,0,NULL,193,3582),(3495,'FVSU 2167','0301/12/2183','2017-07-20',2879.179,0,NULL,192,3583),(3496,'FVSU 2168','0301/12/2184','2017-07-21',2879.18,0,NULL,191,3584),(3497,'FVSU 2169','0301/12/2185','2017-07-22',2879.181,0,NULL,190,3585),(3498,'FVSU 2170','0301/12/2186','2017-07-23',2879.182,0,NULL,189,3586),(3499,'FVSU 2171','0301/12/2187','2017-07-24',2879.183,0,NULL,188,3587),(3500,'FVSU 2172','0301/12/2188','2017-07-25',2879.184,0,NULL,187,3588),(3501,'FVSU 2173','0301/12/2189','2017-07-26',2879.185,0,NULL,186,3589),(3502,'FVSU 2174','0301/12/2190','2017-07-27',2879.186,0,NULL,185,3590),(3503,'FVSU 2175','0301/12/2191','2017-07-28',2879.187,0,NULL,184,3591),(3504,'FVSU 2176','0301/12/2192','2017-07-29',2879.188,0,NULL,183,3592),(3505,'FVSU 2177','0301/12/2193','2017-07-30',2879.189,0,NULL,182,3593),(3506,'FVSU 2178','0301/12/2194','2017-07-31',2879.19,0,NULL,181,3594),(3507,'FVSU 2179','0301/12/2195','2017-08-01',2879.191,0,NULL,180,3595),(3508,'FVSU 2180','0301/12/2196','2017-08-02',2879.192,0,NULL,179,3596),(3509,'FVSU 2181','0301/12/2197','2017-08-03',2879.193,0,NULL,178,3597),(3510,'FVSU 2182','0301/12/2198','2017-08-04',2879.194,0,NULL,177,3598),(3511,'FVSU 2183','0301/12/2199','2017-08-05',2879.195,0,NULL,176,3599),(3512,'FVSU 2184','0301/12/2200','2017-08-06',2879.196,0,NULL,175,3600),(3513,'FVSU 2185','0301/12/2201','2017-08-07',2879.197,0,NULL,174,3601),(3514,'FVSU 2186','0301/12/2202','2017-08-08',2879.198,0,NULL,173,3602),(3515,'FVSU 2187','0301/12/2203','2017-08-09',2879.199,0,NULL,172,3603),(3516,'FVSU 2188','0301/12/2204','2017-08-10',2879.2,0,NULL,171,3604),(3517,'FVSU 2189','0301/12/2205','2017-08-11',2879.201,0,NULL,170,3605),(3518,'FVSU 2190','0301/12/2206','2017-08-12',2879.202,0,NULL,169,3606),(3519,'FVSU 2191','0301/12/2207','2017-08-13',2879.203,0,NULL,168,3607),(3520,'FVSU 2192','0301/12/2208','2017-08-14',2879.204,0,NULL,167,3608),(3521,'FVSU 2193','0301/12/2209','2017-08-15',2879.205,0,NULL,166,3609),(3522,'FVSU 2194','0301/12/2210','2017-08-16',2879.206,0,NULL,165,3610),(3523,'FVSU 2195','0301/12/2211','2017-08-17',2879.207,0,NULL,164,3611),(3524,'FVSU 2196','0301/12/2212','2017-08-18',2879.208,0,NULL,163,3612),(3525,'FVSU 2197','0301/12/2213','2017-08-19',2879.209,0,NULL,162,3613),(3526,'FVSU 2198','0301/12/2214','2017-08-20',2879.21,0,NULL,161,3614),(3527,'FVSU 2199','0301/12/2215','2017-08-21',2879.211,0,NULL,160,3615),(3528,'FVSU 2200','0301/12/2216','2017-08-22',2879.212,0,NULL,159,3616),(3529,'FVSU 2201','0301/12/2217','2017-08-23',2879.213,0,NULL,158,3617),(3530,'FVSU 2202','0301/12/2218','2017-08-24',2879.214,0,NULL,157,3618),(3531,'FVSU 2203','0301/12/2219','2017-08-25',2879.215,0,NULL,156,3619),(3532,'FVSU 2204','0301/12/2220','2017-08-26',2879.216,0,NULL,155,3620),(3533,'FVSU 2205','0301/12/2221','2017-08-27',2879.217,0,NULL,154,3621),(3534,'FVSU 2206','0301/12/2222','2017-08-28',2879.218,0,NULL,153,3622),(3535,'FVSU 2207','0301/12/2223','2017-08-29',2879.219,0,NULL,152,3623),(3536,'FVSU 2208','0301/12/2224','2017-08-30',2879.22,0,NULL,151,3624),(3537,'FVSU 2209','0301/12/2225','2017-08-31',2879.221,0,NULL,150,3625),(3538,'FVSU 2210','0301/12/2226','2017-09-01',2879.222,0,NULL,149,3626),(3539,'FVSU 2211','0301/12/2227','2017-09-02',2879.223,0,NULL,148,3627),(3540,'FVSU 2212','0301/12/2228','2017-09-03',2879.224,0,NULL,147,3628),(3541,'FVSU 2213','0301/12/2229','2017-09-04',2879.225,0,NULL,146,3629),(3542,'FVSU 2214','0301/12/2230','2017-09-05',2879.226,0,NULL,145,3630),(3543,'FVSU 2215','0301/12/2231','2017-09-06',2879.227,0,NULL,144,3631),(3544,'FVSU 2216','0301/12/2232','2017-09-07',2879.228,0,NULL,143,3632),(3545,'FVSU 2217','0301/12/2233','2017-09-08',2879.229,0,NULL,142,3633),(3546,'FVSU 2218','0301/12/2234','2017-09-09',2879.23,0,NULL,141,3634),(3547,'FVSU 2219','0301/12/2235','2017-09-10',2879.231,0,NULL,140,3635),(3548,'FVSU 2220','0301/12/2236','2017-09-11',2879.232,0,NULL,139,3636),(3549,'FVSU 2221','0301/12/2237','2017-09-12',2879.233,0,NULL,138,3637),(3550,'FVSU 2222','0301/12/2238','2017-09-13',2879.234,0,NULL,137,3638),(3551,'FVSU 2223','0301/12/2239','2017-09-14',2879.235,0,NULL,136,3639),(3552,'FVSU 2224','0301/12/2240','2017-09-15',2879.236,0,NULL,135,3640),(3553,'FVSU 2225','0301/12/2241','2017-09-16',2879.237,0,NULL,134,3641),(3554,'FVSU 2226','0301/12/2242','2017-09-17',2879.238,0,NULL,133,3642),(3555,'FVSU 2227','0301/12/2243','2017-09-18',2879.239,0,NULL,132,3643),(3556,'FVSU 2228','0301/12/2244','2017-09-19',2879.24,0,NULL,131,3644),(3557,'FVSU 2229','0301/12/2245','2017-09-20',2879.241,0,NULL,130,3645),(3558,'FVSU 2230','0301/12/2246','2017-09-21',2879.242,0,NULL,129,3646),(3559,'FVSU 2231','0301/12/2247','2017-09-22',2879.243,0,NULL,128,3647),(3560,'FVSU 2232','0301/12/2248','2017-09-23',2879.244,0,NULL,127,3648),(3561,'FVSU 2233','0301/12/2249','2017-09-24',2879.245,0,NULL,126,3649),(3562,'FVSU 2234','0301/12/2250','2017-09-25',2879.246,0,NULL,125,3650),(3563,'FVSU 2235','0301/12/2251','2017-09-26',2879.247,0,NULL,124,3651),(3564,'FVSU 2236','0301/12/2252','2017-09-27',2879.248,0,NULL,123,3652),(3565,'FVSU 2237','0301/12/2253','2017-09-28',2879.249,0,NULL,122,3653),(3566,'FVSU 2238','0301/12/2254','2017-09-29',2879.25,0,NULL,121,3654),(3567,'FVSU 2239','0301/12/2255','2017-09-30',2879.251,0,NULL,120,3655),(3568,'FVSU 2240','0301/12/2256','2017-10-01',2879.252,0,NULL,119,3656),(3569,'FVSU 2241','0301/12/2257','2017-10-02',2879.253,0,NULL,118,3657),(3570,'FVSU 2242','0301/12/2258','2017-10-03',2879.254,0,NULL,117,3658),(3571,'FVSU 2243','0301/12/2259','2017-10-04',2879.255,0,NULL,116,3659),(3572,'FVSU 2244','0301/12/2260','2017-10-05',2879.256,0,NULL,115,3660),(3573,'FVSU 2245','0301/12/2261','2017-10-06',2879.257,0,NULL,114,3661),(3574,'FVSU 2246','0301/12/2262','2017-10-07',2879.258,0,NULL,113,3662),(3575,'FVSU 2247','0301/12/2263','2017-10-08',2879.259,0,NULL,112,3663),(3576,'FVSU 2248','0301/12/2264','2017-10-09',2879.26,0,NULL,111,3664),(3577,'FVSU 2249','0301/12/2265','2017-10-10',2879.261,0,NULL,110,3665),(3578,'FVSU 2250','0301/12/2266','2017-10-11',2879.262,0,NULL,109,3666),(3579,'FVSU 2251','0301/12/2267','2017-10-12',2879.263,0,NULL,108,3667),(3580,'FVSU 2252','0301/12/2268','2017-10-13',2879.264,0,NULL,107,3668),(3581,'FVSU 2253','0301/12/2269','2017-10-14',2879.265,0,NULL,106,3669),(3582,'FVSU 2254','0301/12/2270','2017-10-15',2879.266,0,NULL,105,3670),(3583,'FVSU 2255','0301/12/2271','2017-10-16',2879.267,0,NULL,104,3671),(3584,'FVSU 2256','0301/12/2272','2017-10-17',2879.268,0,NULL,103,3672),(3585,'FVSU 2257','0301/12/2273','2017-10-18',2879.269,0,NULL,102,3673),(3586,'FVSU 2258','0301/12/2274','2017-10-19',2879.27,0,NULL,101,3674),(3587,'FVSU 2259','0301/12/2275','2017-10-20',2879.271,0,NULL,100,3675),(3588,'FVSU 2260','0301/12/2276','2017-10-21',2879.272,0,NULL,99,3676),(3589,'FVSU 2261','0301/12/2277','2017-10-22',2879.273,0,NULL,98,3677),(3590,'FVSU 2262','0301/12/2278','2017-10-23',2879.274,0,NULL,97,3678),(3591,'FVSU 2263','0301/12/2279','2017-10-24',2879.275,0,NULL,96,3679),(3592,'FVSU 2264','0301/12/2280','2017-10-25',2879.276,0,NULL,95,3680),(3593,'FVSU 2265','0301/12/2281','2017-10-26',2879.277,0,NULL,94,3681),(3594,'FVSU 2266','0301/12/2282','2017-10-27',2879.278,0,NULL,93,3682),(3595,'FVSU 2267','0301/12/2283','2017-10-28',2879.279,0,NULL,92,3683),(3596,'FVSU 2268','0301/12/2284','2017-10-29',2879.28,0,NULL,91,3684),(3597,'FVSU 2269','0301/12/2285','2017-10-30',2879.281,0,NULL,89,3685),(3598,'FVSU 2270','0301/12/2286','2017-10-31',2879.282,0,NULL,88,3686),(3599,'FVSU 2271','0301/12/2287','2017-11-01',2879.283,0,NULL,87,3687),(3600,'FVSU 2272','0301/12/2288','2017-11-02',2879.284,0,NULL,86,3688),(3601,'FVSU 2273','0301/12/2289','2017-11-03',2879.285,0,NULL,85,3689),(3602,'FVSU 2274','0301/12/2290','2017-11-04',2879.286,0,NULL,84,3690),(3603,'FVSU 2275','0301/12/2291','2017-11-05',2879.287,0,NULL,83,3691),(3604,'FVSU 2276','0301/12/2292','2017-11-06',2879.288,0,NULL,82,3692),(3605,'FVSU 2277','0301/12/2293','2017-11-07',2879.289,0,NULL,81,3693),(3606,'FVSU 2278','0301/12/2294','2017-11-08',2879.29,0,NULL,80,3694),(3607,'FVSU 2279','0301/12/2295','2017-11-09',2879.291,0,NULL,79,3695),(3608,'FVSU 2280','0301/12/2296','2017-11-10',2879.292,0,NULL,78,3696),(3609,'FVSU 2281','0301/12/2297','2017-11-11',2879.293,0,NULL,77,3697),(3610,'FVSU 2282','0301/12/2298','2017-11-12',2879.294,0,NULL,76,3698),(3611,'FVSU 2283','0301/12/2299','2017-11-13',2879.295,0,NULL,75,3699),(3612,'FVSU 2284','0301/12/2300','2017-11-14',2879.296,0,NULL,74,3700),(3613,'FVSU 2285','0301/12/2301','2017-11-15',2879.297,0,NULL,73,3701),(3614,'FVSU 2286','0301/12/2302','2017-11-16',2879.298,0,NULL,72,3702),(3615,'FVSU 2287','0301/12/2303','2017-11-17',2879.299,0,NULL,71,3703),(3616,'FVSU 2288','0301/12/2304','2017-11-18',2879.3,0,NULL,70,3704),(3617,'FVSU 2289','0301/12/2305','2017-11-19',2879.301,0,NULL,69,3705),(3618,'FVSU 3982','0999/10/2017','2016-06-11',1324.23,0,NULL,596,3407);
/*!40000 ALTER TABLE `invoices` ENABLE KEYS */;
UNLOCK TABLES;

--
-- Table structure for table `migration_versions`
--

DROP TABLE IF EXISTS `migration_versions`;
/*!40101 SET @saved_cs_client     = @@character_set_client */;
/*!40101 SET character_set_client = utf8 */;
CREATE TABLE `migration_versions` (
  `version` varchar(255) COLLATE utf8_unicode_ci NOT NULL,
  PRIMARY KEY (`version`)
) ENGINE=InnoDB DEFAULT CHARSET=utf8 COLLATE=utf8_unicode_ci;
/*!40101 SET character_set_client = @saved_cs_client */;

--
-- Dumping data for table `migration_versions`
--

LOCK TABLES `migration_versions` WRITE;
/*!40000 ALTER TABLE `migration_versions` DISABLE KEYS */;
INSERT INTO `migration_versions` VALUES ('20180122204312'),('20180123073107'),('20180127002017'),('20180127002645');
/*!40000 ALTER TABLE `migration_versions` ENABLE KEYS */;
UNLOCK TABLES;
/*!40103 SET TIME_ZONE=@OLD_TIME_ZONE */;

/*!40101 SET SQL_MODE=@OLD_SQL_MODE */;
/*!40014 SET FOREIGN_KEY_CHECKS=@OLD_FOREIGN_KEY_CHECKS */;
/*!40014 SET UNIQUE_CHECKS=@OLD_UNIQUE_CHECKS */;
/*!40101 SET CHARACTER_SET_CLIENT=@OLD_CHARACTER_SET_CLIENT */;
/*!40101 SET CHARACTER_SET_RESULTS=@OLD_CHARACTER_SET_RESULTS */;
/*!40101 SET COLLATION_CONNECTION=@OLD_COLLATION_CONNECTION */;
/*!40111 SET SQL_NOTES=@OLD_SQL_NOTES */;

-- Dump completed on 2018-01-28  0:36:45
